<?xml version="1.0" encoding="UTF-8" standalone="no"?>
<project>
    	
    <configuration id="com.arm.eclipse.build.config.v6.lib.debug.base.var.arm_compiler_6-6.598100359" name="Debug">
        		
        <extension point="org.eclipse.cdt.core.LanguageSettingsProvider">
            			
            <provider copy-of="extension" id="org.eclipse.cdt.ui.UserLanguageSettingsProvider"/>
            			
            <provider-reference id="org.eclipse.cdt.core.ReferencedProjectsLanguageSettingsProvider" ref="shared-provider"/>
            			
            <provider-reference id="org.eclipse.cdt.managedbuilder.core.MBSLanguageSettingsProvider" ref="shared-provider"/>
            			
            <provider class="com.arm.eclipse.builder.armcc.discovery.ArmCompiler6LanguageSettingsProvider" console="false" env-hash="-1751808536785581034" id="com.arm.eclipse.builder.armcc.v6.langprovider" keep-relative-paths="false" name="Arm Compiler 6 Built-in Compiler Settings" parameter="${COMMAND} ${FLAGS} -E -P -v -dD &quot;${INPUTS}&quot;" prefer-non-shared="true">
                				
                <language-scope id="com.arm.eclipse.builder.armcc.lang.c.ac6"/>
                				
                <language-scope id="com.arm.eclipse.builder.armcc.lang.cpp.ac6"/>
                			
            </provider>
            		
        </extension>
        	
    </configuration>
    	
    <configuration id="com.arm.eclipse.build.config.v6.lib.release.base.var.arm_compiler_6-6.257219490" name="Release">
        		
        <extension point="org.eclipse.cdt.core.LanguageSettingsProvider">
            			
            <provider copy-of="extension" id="org.eclipse.cdt.ui.UserLanguageSettingsProvider"/>
            			
            <provider-reference id="org.eclipse.cdt.core.ReferencedProjectsLanguageSettingsProvider" ref="shared-provider"/>
            			
            <provider-reference id="org.eclipse.cdt.managedbuilder.core.MBSLanguageSettingsProvider" ref="shared-provider"/>
            			
            <provider class="com.arm.eclipse.builder.armcc.discovery.ArmCompiler6LanguageSettingsProvider" console="false" env-hash="-1753707788999094554" id="com.arm.eclipse.builder.armcc.v6.langprovider" keep-relative-paths="false" name="Arm Compiler 6 Built-in Compiler Settings" parameter="${COMMAND} ${FLAGS} -E -P -v -dD &quot;${INPUTS}&quot;" prefer-non-shared="true">
                				
                <language-scope id="com.arm.eclipse.builder.armcc.lang.c.ac6"/>
                				
                <language-scope id="com.arm.eclipse.builder.armcc.lang.cpp.ac6"/>
                			
            </provider>
            		
        </extension>
        	
    </configuration>
    
</project>
